{
    "body": {
      "data": [
        {
          "index": 0,
          "embedding": [
            -0.012838088,
            -0.007421397,
            -0.017617522,
            -0.028278312,
            -0.018666342,
            0.01737855,
            -0.01821495,
            -0.006950092,
            -0.009937238,
            -0.038580645,
            0.010674067,
            0.02412286,
            -0.013647936,
            0.013189907,
            0.0021125758,
            0.012406612,
            0.020790534,
            0.00074595667,
            0.008397198,
            -0.00535031,
            0.008968075,
            0.014351576,
            -0.014086051,
            0.015055214,
            -0.022211088,
            -0.025198232,
            0.0065186154,
            -0.036350243,
            0.009180495,
            -0.009698266,
            0.009446018,
            -0.008463579,
            -0.0040426035,
            -0.03443847,
            -0.00091273896,
            -0.0019217303,
            0.002349888,
            -0.021560553,
            0.016515596,
            -0.015572986,
            0.0038666942,
            -8.432463e-05
          ]
        }
      ],
      "usage": {
        "prompt_tokens": 4,
        "total_tokens": 4
      }
    }
  }